first_name,middle_name,last_name,employee_id,other_id,driver's_license_no,license_expiry_date,gender,marital_status,nationality,date_of_birth,address_street_1,address_street_2,city,state/province,zip/postal_code,country,home_telephone,mobile,work_telephone,work_email,other_email
Danielle,Angel,Hill,EMP10002,ID-126225,DL46913810,2027-04-15,Male,Single,American,1973-11-01,819 Johnson Course,Apt. 389,New Jamesside,Nebraska,29394,Kiribati,001-402-654-2351,615-594-0781,(184)959-3103x4131,oramirez@martin-kelly.com,lynchgeorge@hotmail.com
John,Steven,Nelson,EMP10003,ID-671858,DL21668732,2030-04-10,Female,Single,English,2002-03-29,503 Linda Locks,,Carlshire,Virginia,41746,Croatia,+1-767-242-3884x9696,(328)710-1226x916,(978)480-1845x1462,usmith@baker.com,meagan89@gmail.com
Eric,,Farmer,EMP10004,ID-731262,DL13561597,2028-08-18,Male,Divorced,Egyptian,2000-06-06,570 Sarah Wells,Suite 303,North Jessicaland,Wisconsin,70323,Seychelles,(278)248-9638,001-346-578-7133x15098,930.103.1051,joshuawashington@anderson.info,kristenaguirre@gmail.com
Clinton,,Hopkins,EMP10005,ID-571029,DL89089901,2027-11-05,Female,Single,American,1993-03-01,0106 Mcbride Coves Apt. 338,Suite 262,Stevenland,New Hampshire,72633,Bolivia,8013267736,2606474687,(343)098-0500,hshaw@brown.com,caseyjones@gmail.com
Richard,,David,EMP10006,ID-263032,DL38898923,2028-10-04,Female,Single,English,1981-02-03,169 Donovan Ford,,Johnfurt,Florida,88540,Oman,751-079-9118x3842,(135)427-8498x084,+1-124-118-2449x35348,dking@walters.com,cookdavid@yahoo.com
Evan,,Ramos,EMP10007,ID-460663,DL91030736,2029-05-04,Female,Single,Egyptian,1993-06-11,12805 Russell Canyon,,Michaelton,Minnesota,28036,Pitcairn Islands,158.692.3226,2563421607,375.433.0365,michelle45@hicks.com,wilsontara@gmail.com
Beverly,,Terrell,EMP10008,ID-496922,DL20576383,2026-07-02,Female,Divorced,Indian,1971-09-19,5698 Paul Ports Apt. 406,Apt. 883,Ryanmouth,South Carolina,41646,Panama,484-656-4823,(629)946-8044x36995,773.872.1489x513,jeffrey32@williams.org,gibsonolivia@hotmail.com
James,,Horton,EMP10009,ID-301629,DL19335534,2028-06-09,Male,Divorced,American,1991-07-15,01632 Williams Gateway,Apt. 727,Stephaniemouth,South Carolina,94777,Uganda,687.277.4348x73471,001-434-558-1223x623,665-876-0366,gateskathy@woods-bender.com,acastaneda@hotmail.com
Julie,Amy,Morrison,EMP10010,ID-996865,DL41244663,2027-04-11,Male,Married,Canadian,1997-07-25,6706 Caldwell Union,,Ramseymouth,Florida,82061,Marshall Islands,6990162720,653-755-6464x170,001-805-310-0330x9232,kcaldwell@marshall.com,catherinestuart@hotmail.com
Danny,Lori,Oconnell,EMP10011,ID-270555,DL59684848,2026-10-18,Female,Single,Egyptian,2003-09-20,9663 Brittany Village,,North Heidi,Maryland,90188,Nepal,905-865-1850,(716)572-6284x98776,001-945-314-7379x9650,lrosales@lewis-salinas.com,nicole48@gmail.com
Zachary,James,Allen,EMP10012,ID-779514,DL19583482,2028-01-25,Male,Divorced,Egyptian,1997-08-02,777 Christopher Forges,,Holtport,Texas,76726,Heard Island and McDonald Islands,885.685.5744x4313,182-337-4989x41343,(240)824-0084x271,andrewstaylor@peterson-sheppard.com,ewilson@yahoo.com
Travis,,Ray,EMP10013,ID-383060,DL95899313,2029-04-04,Male,Divorced,Canadian,1967-12-27,94131 Obrien Turnpike,Apt. 867,Evansshire,Nevada,40527,Mongolia,+1-091-334-1232x812,6797403447,349-361-8324,charlesmartin@larson-holloway.com,smartinez@yahoo.com
Holly,Sherri,Mason,EMP10014,ID-340174,DL14308421,2028-06-09,Female,Married,Canadian,1994-02-16,065 Johnson Forks,,Port Emilyview,Oregon,05774,Serbia,001-278-742-9671x75655,+1-125-674-6807x15451,001-680-876-0385x97703,andrea47@washington.com,lancesmith@yahoo.com
Christopher,Victoria,Durham,EMP10015,ID-694731,DL52235350,2028-04-19,Male,Divorced,Australian,1972-05-01,4846 Baird Gardens,,Arnoldfurt,Illinois,79062,Madagascar,001-214-658-4044x9972,875.588.6753x396,605.766.2702,molly71@lozano.com,harrisontanya@yahoo.com
Cindy,Raymond,Miller,EMP10016,ID-581141,DL29175900,2027-09-26,Female,Single,American,2000-08-26,7809 Jimmy Spur Suite 316,Apt. 172,Rebeccaton,Massachusetts,07856,French Polynesia,(562)386-9222x196,+1-379-237-4740x748,(175)946-4743,gcastaneda@james.org,victoria40@hotmail.com
Randy,Alan,Grimes,EMP10017,ID-883300,DL88461803,2029-08-25,Female,Divorced,Australian,1967-09-05,3953 Christine Springs Apt. 104,,Johnsonstad,Washington,17725,Bermuda,562-328-5884x2474,001-517-123-6851x6048,754-965-1370,rose31@colon.biz,taylorsophia@yahoo.com
Wendy,Darren,Young,EMP10018,ID-245051,DL78387461,2028-08-16,Female,Single,English,1973-07-27,5869 Nicole Shoal Apt. 796,Suite 053,Wallacebury,Mississippi,13523,Poland,(850)643-1713x900,329-318-3933x52904,(284)210-2053,alfred40@harmon.com,alvarezkimberly@hotmail.com
Brittney,,Hayes,EMP10019,ID-267753,DL66661351,2027-04-13,Male,Married,Australian,1967-04-16,0076 Parks Overpass Suite 115,Apt. 124,Oscarhaven,Maine,59970,Macedonia,+1-611-836-7365x766,001-156-545-2711x1161,001-528-098-8516x5604,michael98@moore.com,bellangela@gmail.com
Kathryn,,Andrews,EMP10020,ID-363626,DL84252722,2029-10-08,Male,Divorced,Egyptian,1993-07-16,402 Park Inlet,,Michaelburgh,Georgia,74729,Palestinian Territory,(120)183-6675x2545,001-991-022-9014x76797,(438)156-1497x84036,smithkevin@saunders.com,david76@gmail.com
David,Amanda,Hall,EMP10021,ID-887352,DL45812670,2028-09-17,Female,Single,Canadian,1988-06-09,0607 Michelle Ports,,Berrychester,Maine,15597,Iraq,5297516136,001-681-645-3521,188.355.2312x43292,thompsonkendra@marshall-elliott.org,kmaldonado@hotmail.com
Cynthia,,Weber,EMP10022,ID-857168,DL45351479,2030-01-05,Male,Divorced,English,1985-11-07,1774 Vargas Knoll,Apt. 477,North Miguelport,California,84998,Tonga,998-679-8079,+1-359-782-0715x1820,778.892.5546,rschroeder@williams.com,grantpaul@yahoo.com
Jennifer,,Douglas,EMP10023,ID-769987,DL78137358,2030-03-11,Male,Single,Canadian,1974-07-28,92546 Brooke Corner Suite 865,Apt. 816,Andrewport,Idaho,28575,Guam,001-733-221-4188x80592,+1-622-292-7065x379,738-347-3597x7468,mburch@taylor.com,dawsonzachary@gmail.com
Justin,Kathryn,Nelson,EMP10024,ID-916449,DL81182864,2030-03-10,Male,Divorced,Canadian,1999-04-10,1375 Robert Locks,,Joeland,Mississippi,29931,Antarctica (the territory South of 60 deg S),152-204-7277x90104,289.861.4341,3697117980,jennifercarter@mendez.org,qlopez@gmail.com
Alexandra,,Ward,EMP10025,ID-480612,DL51273847,2028-07-29,Male,Single,American,2001-05-13,7065 Burgess Knolls,Apt. 531,Dennisstad,Ohio,44875,Suriname,+1-277-221-7043x0305,868-740-3450x5415,(676)527-7584x16169,amymorris@murphy.com,bmorrison@gmail.com
Hannah,Michael,Williams,EMP10026,ID-189814,DL75228535,2030-01-14,Male,Divorced,American,1988-04-30,0165 Stephanie Divide Suite 021,,Port Deanna,Mississippi,50682,Zambia,001-092-755-7192,565.431.0278x68144,001-739-473-1217x271,elizabeth18@roberts.com,william13@gmail.com
Joel,,Snyder,EMP10027,ID-676510,DL32162965,2027-11-15,Female,Divorced,Indian,2002-01-15,8291 Kyle Stravenue Suite 866,,East Teresaland,New Hampshire,61558,Pitcairn Islands,528.922.6801x82422,358-414-3842x49818,+1-299-229-9590x0109,debra96@fowler.com,timothy64@yahoo.com
Charles,,Brown,EMP10028,ID-665492,DL36998038,2028-03-16,Female,Married,Egyptian,1992-08-15,3592 Hensley Island Suite 625,Apt. 537,West Shannonberg,Connecticut,07133,French Guiana,(963)259-5327x8774,016.873.3950x0479,+1-748-016-2456x5060,michaelroberts@gordon-duran.com,andersoncolin@yahoo.com
Laura,,Morgan,EMP10029,ID-642717,DL70597444,2030-05-01,Male,Single,American,1989-03-21,98680 Benjamin Station,,Lindahaven,New Jersey,20022,Netherlands,259.526.9495x88879,705-516-9409x7499,097.289.6230,leescott@hernandez-vaughn.biz,vsalas@hotmail.com
Bryan,,Taylor,EMP10030,ID-680828,DL40885476,2027-03-22,Male,Single,English,2002-07-04,786 Frye Mount Suite 854,Suite 334,Jeffreyport,Wyoming,38381,Romania,757.584.4198,(652)404-1574x7338,842-199-3308x330,gutierrezjennifer@maldonado.com,richarddonovan@yahoo.com
Thomas,,Gonzalez,EMP10031,ID-170674,DL14216175,2027-07-24,Female,Single,Indian,1986-03-12,019 Amanda Stream Apt. 262,,Port Randyfort,Idaho,98674,Tunisia,004-991-5478x8728,431.527.4205x493,(966)851-6122,pmorris@green.info,stephanie49@hotmail.com
Ashley,Jose,Ward,EMP10032,ID-324643,DL82374753,2027-05-06,Male,Divorced,Indian,1968-07-26,4268 Vaughn Route,Suite 593,East Timothy,New Jersey,98508,Netherlands,(687)833-9187x851,001-108-839-8225,713.971.8707x28679,hansenemily@cummings-foster.com,bethwilliams@yahoo.com
Isabella,,Weaver,EMP10033,ID-595948,DL64634663,2026-08-05,Male,Single,English,1969-01-13,46226 Haney Light Suite 661,Apt. 512,Ricebury,Alabama,99614,Angola,786-863-3752x4310,+1-690-331-1907x90306,383.028.4395x995,kevinthomas@boyd.net,conniesimmons@yahoo.com
Brandon,,Cooper,EMP10034,ID-531071,DL72682989,2029-01-27,Male,Divorced,Egyptian,1990-04-11,662 Bennett Throughway Suite 334,Apt. 708,Faulknerside,North Dakota,18076,Iceland,435.175.1830,699-013-9837x354,3317393638,kimberly67@wong.info,ugarcia@yahoo.com
Kathleen,,Flores,EMP10035,ID-522179,DL55540424,2027-03-15,Male,Single,American,1989-07-25,0932 Jose Prairie Suite 423,,Jerryshire,Kansas,65945,Mayotte,+1-547-772-5228x7280,010.062.3120x38750,+1-977-008-8600x848,andre62@hull.com,jamesfox@yahoo.com
Joseph,,Sanders,EMP10036,ID-542374,DL34627347,2027-12-04,Female,Married,American,1991-12-20,334 Desiree Walks Apt. 166,Suite 870,Lake Georgefort,Nevada,85030,Slovenia,918-033-9740x14890,(503)926-1429,968.562.1850,kimmary@jacobs-austin.org,unovak@gmail.com
Cynthia,,Bowers,EMP10037,ID-947272,DL83863413,2028-04-02,Male,Single,Egyptian,1997-09-22,8662 Miller River,Suite 311,Ericberg,West Virginia,51569,Ghana,(110)475-4121x267,+1-886-101-5819,+1-560-466-1839x826,dominicturner@thomas-jackson.com,yevans@gmail.com
Michael,Sheryl,Le,EMP10038,ID-197793,DL41726318,2028-06-12,Male,Married,Australian,2004-09-30,1240 Cook River,,Brockmouth,New Hampshire,44375,Jersey,+1-924-593-7526x5479,564.651.9398,(807)374-1672,john26@jones-ewing.info,sferguson@yahoo.com
Amy,Krystal,Ward,EMP10039,ID-161483,DL32097220,2030-02-23,Female,Single,Australian,2000-11-15,35290 Rasmussen Isle,,Rodriguezville,Kentucky,29599,Madagascar,001-889-937-5679x8250,146.112.5457x3875,177.514.0105x1238,andrearivera@mullen-hall.biz,jacobsandoval@yahoo.com
Anthony,Christina,Gonzalez,EMP10040,ID-577110,DL48285503,2028-11-08,Female,Divorced,Egyptian,1993-07-27,33419 Lauren Plain Apt. 553,Suite 147,Candicefurt,Pennsylvania,15473,Guernsey,(792)499-1251x341,(528)669-2966,(782)827-4225,wharvey@washington.biz,fortiz@yahoo.com
Jennifer,Scott,Jackson,EMP10041,ID-853305,DL75319931,2028-09-28,Male,Single,Canadian,1966-06-10,0438 Jackson Mount,,Dunnville,Oregon,15470,Ethiopia,001-858-078-3613x40745,713-395-9629,(330)958-4982,tiffany44@adams.com,sydneyfloyd@gmail.com
Victoria,,Camacho,EMP10042,ID-871476,DL82772208,2026-11-17,Male,Divorced,Canadian,1973-05-15,53672 Burton Lane,,Jonesland,Montana,68083,San Marino,577-590-1751x863,(374)545-8929x75001,+1-701-277-0632x4241,john52@sanders.com,trios@gmail.com
Aaron,Thomas,Anderson,EMP10043,ID-627276,DL81286543,2027-04-20,Male,Single,Indian,1999-09-08,05162 Jones Lights Apt. 115,,Nicoleberg,Missouri,99218,Tunisia,(218)909-2753,+1-269-731-1219x6565,(341)389-9940,jamie98@adkins.com,troyrodriguez@yahoo.com
Danielle,,Jones,EMP10044,ID-723939,DL19121552,2030-02-12,Male,Married,English,1965-02-27,2696 Payne Extensions Suite 109,Apt. 043,North Stacyfurt,North Carolina,38051,Nigeria,001-866-618-8924x141,328.569.1463x03161,990.421.0202x758,gary24@tanner.biz,alexandria49@hotmail.com
Chris,Spencer,Ward,EMP10045,ID-707040,DL89795010,2028-06-18,Male,Divorced,English,2002-12-01,2419 Jeremy Pass,,North Micheletown,Kansas,06527,Latvia,(622)086-3536x541,001-518-023-8061,445.187.0534x949,stevenvargas@cuevas-parsons.net,edwardrandolph@gmail.com
Jesse,Michael,Franco,EMP10046,ID-648177,DL52462441,2030-01-25,Female,Single,Egyptian,1964-12-28,64138 Robert Circle Apt. 410,Apt. 865,Villegasland,Pennsylvania,13028,Macedonia,(619)906-2344,655-743-1329x12127,561.853.7474x112,margaret90@huff.com,dawsontanya@yahoo.com
William,,Byrd,EMP10047,ID-515011,DL27566185,2027-06-12,Female,Married,Canadian,1976-03-03,7883 Steven Unions,Apt. 100,East James,Montana,49291,Poland,+1-199-410-1372x1510,029.667.0662x532,472-099-9347x687,millerpatrick@gonzalez-wilkerson.net,crystalpham@gmail.com
Veronica,Kimberly,Howard,EMP10048,ID-109767,DL71510041,2028-08-26,Male,Single,Indian,1997-04-27,856 White Island Apt. 040,,Morenoshire,Iowa,21423,Bolivia,348.039.6522,955.905.9929,784.270.1039,andrewwoods@hardin-harris.com,jennifer50@gmail.com
Dylan,,Bush,EMP10049,ID-465962,DL19233013,2026-12-10,Male,Married,Canadian,1971-11-20,56915 Morris Estate Suite 752,,Jeffreyshire,Idaho,50096,Gambia,001-422-096-9029x5939,725-135-5215,043.315.4100x676,nicolesnyder@bell-bennett.info,franciscojones@gmail.com
Kenneth,Lucas,Lynn,EMP10050,ID-837715,DL50603163,2026-08-27,Male,Divorced,Indian,1987-08-07,2181 Wheeler Ridges,,Bushchester,Tennessee,22127,Netherlands,(201)533-6884x44310,(987)205-0614x9731,3241714677,christopher86@watson.com,seanbaker@yahoo.com
Jose,Mary,Elliott,EMP10051,ID-240814,DL45496015,2026-12-24,Male,Single,Egyptian,1970-12-02,586 Angela Ville,Suite 868,Armstrongbury,New Mexico,39672,Belgium,(089)899-2172x2332,6163294511,(868)548-7099x8616,eddiematthews@buckley.com,mikayla56@yahoo.com
Patrick,,Washington,EMP10052,ID-734210,DL38270233,2028-12-04,Female,Single,Egyptian,1996-07-12,46299 Williams Isle,Apt. 074,Andrewport,Maryland,37246,Tajikistan,132.475.4691x3736,001-785-082-1486x2890,(330)307-0534,madison86@leblanc.info,ethompson@hotmail.com
Andrea,,Cooper,EMP10053,ID-612262,DL43704923,2029-11-25,Male,Single,Egyptian,1981-12-10,0602 Mercedes Rue,,Lake Jamie,Tennessee,54175,Malawi,0722903494,001-466-574-3748x969,085-899-4417,rogersjoshua@hensley-green.com,edwardcannon@gmail.com
Linda,,Lang,EMP10054,ID-103717,DL54769200,2028-11-21,Male,Divorced,Canadian,1991-11-02,207 Green Manor Suite 609,,West Jessica,Iowa,90458,Marshall Islands,+1-758-428-2417x2482,+1-513-534-6554x94717,9991738168,robert22@cooper.info,lesliebaldwin@gmail.com
Tony,,Welch,EMP10055,ID-839945,DL67403166,2027-02-02,Male,Single,English,1985-08-31,74329 Tracy Track,Apt. 296,Powellfort,Missouri,01112,Argentina,+1-350-583-0033,001-542-168-9421x044,898.562.5753x260,jeffreymercer@gross.net,daviddawson@gmail.com
Nicholas,Danielle,Wise,EMP10056,ID-256294,DL83227889,2028-12-27,Male,Married,Indian,1967-08-24,100 Robert Light,Apt. 847,East Heather,South Dakota,01720,Gabon,(184)992-6189x14117,934.835.6420,+1-737-530-0119,fhernandez@jones.com,shinton@yahoo.com
Steven,,Garcia,EMP10057,ID-143860,DL51373735,2027-01-30,Female,Single,Canadian,1967-01-09,5611 Alec Dam Apt. 557,,Natalieland,Mississippi,45422,Cocos (Keeling) Islands,667-467-6212,001-021-697-9729x659,2771670145,busherica@ray.com,reynoldsjessica@yahoo.com
Michael,,Rhodes,EMP10058,ID-207786,DL57469942,2027-12-22,Female,Divorced,Egyptian,1974-06-15,28772 Karen Islands,,West Tara,Arkansas,66945,Czech Republic,+1-663-177-9717,517.016.6088x019,+1-488-375-5037x589,xmoran@chavez.com,michael48@hotmail.com
Nathaniel,Daniel,Prince,EMP10059,ID-270395,DL33763566,2028-06-06,Female,Single,American,1973-11-23,49331 Lewis Views Apt. 516,Apt. 917,Barretthaven,Florida,65883,Albania,086.978.2922x16995,669.346.5472x26984,001-858-333-9452x288,jennifer58@aguilar-bender.biz,natalie60@hotmail.com
Daniel,,James,EMP10060,ID-531712,DL99913412,2026-07-25,Male,Married,American,1968-03-10,2442 Hannah Hill,Apt. 805,Garciaside,Iowa,97810,Oman,+1-638-406-6658,0439735989,347.212.2816,pattersonangela@martin.com,steven20@gmail.com
Sarah,,Carlson,EMP10061,ID-140605,DL73174945,2029-08-17,Male,Single,Australian,1984-10-31,851 Fox Ferry Apt. 826,,Davisbury,Indiana,87445,Greenland,543-987-8015x73993,5616484085,877.043.5811x28801,ellenayala@coleman.biz,burgesseric@yahoo.com
Jennifer,Benjamin,Jones,EMP10062,ID-338651,DL39920292,2027-02-04,Male,Divorced,American,1981-06-25,346 Hayes Lodge,,Stewartfurt,Utah,16007,Marshall Islands,9190158144,+1-147-660-7283x268,245-088-2100x9968,torreskaitlin@cooper.net,eugenewalker@yahoo.com
James,,White,EMP10063,ID-172792,DL47463522,2029-09-27,Female,Divorced,Indian,2002-12-11,781 Powers Glen,,East Jessicafort,Michigan,47311,Brunei Darussalam,+1-314-913-5775x94929,001-556-205-3364,(257)775-4781x291,michele28@baker.com,mcclainmelissa@hotmail.com
Anthony,Bonnie,Sullivan,EMP10064,ID-662262,DL54446182,2028-11-05,Male,Single,Canadian,1978-10-26,488 Valdez Drive,,Philipshire,Washington,38642,Burkina Faso,881.658.0392x827,(299)275-0373,453-038-5677,williamsdeborah@padilla.com,beth92@yahoo.com
Desiree,Michael,Valdez,EMP10065,ID-378361,DL15134794,2029-11-21,Male,Divorced,Australian,1969-08-20,3865 Tucker Orchard Apt. 827,,East Chris,Tennessee,37307,Croatia,(225)913-6517,+1-773-926-0302x99228,9202428699,johnsjessica@valentine-robinson.org,kdillon@gmail.com
Maria,Carolyn,Norton,EMP10066,ID-557592,DL91363974,2029-10-29,Male,Married,Indian,1976-09-18,57991 Nicholas Curve Apt. 038,,Serranoville,Idaho,62874,United Arab Emirates,+1-908-811-7298x068,(508)637-6599x16247,001-314-986-4300x98180,spena@ortiz-rodriguez.biz,jose86@hotmail.com
Michael,,Hill,EMP10067,ID-557239,DL10226999,2029-03-26,Male,Married,Australian,1991-05-21,8872 Hansen Orchard,,Vanessashire,Minnesota,92971,Indonesia,001-213-721-3865x8902,(012)796-1143x5190,001-669-849-0277x0384,arthurgreene@hale.com,dianacantrell@gmail.com
Wendy,Kimberly,Gomez,EMP10068,ID-446239,DL93638503,2028-01-07,Female,Divorced,English,1991-12-06,011 Barber Points,Suite 543,South Sarah,Oregon,01110,Eritrea,(681)818-4518,894-769-7357x790,141.633.5658x8043,christopher51@velazquez.org,ian37@hotmail.com
James,,Moss,EMP10069,ID-424308,DL99508850,2030-01-18,Female,Married,Australian,1982-05-26,33952 David Common,Suite 908,Port Timothymouth,New York,75804,Trinidad and Tobago,728-463-9208x678,8562718750,3691559428,joel79@diaz-jimenez.com,xhaynes@yahoo.com
Melissa,Joshua,White,EMP10070,ID-301158,DL66431351,2026-11-23,Female,Divorced,Egyptian,2003-07-12,43866 Dustin Streets,Apt. 702,Porterhaven,Ohio,94946,Germany,448.906.1203x4717,001-545-588-4506x1593,001-982-455-8771,daustin@frye.com,kwelch@yahoo.com
Melinda,Charles,Martin,EMP10071,ID-415568,DL64502486,2027-04-23,Male,Married,Canadian,1985-09-02,449 Nelson Mills Suite 987,,Jacksontown,Florida,95891,Dominica,+1-413-261-1178x00681,492-164-3347,+1-228-200-5577x8487,tarawolfe@garza.org,omills@hotmail.com
Kyle,Michael,Fernandez,EMP10072,ID-736130,DL97873101,2029-10-05,Female,Married,Australian,1970-06-07,5642 Smith Pike Apt. 547,,Lake Sandrafort,Maryland,01698,Seychelles,(493)085-3686x63266,416.389.4484,(312)241-7974x97350,brandonnichols@compton.com,jenniferacosta@gmail.com
Christopher,,Smith,EMP10073,ID-596171,DL32775593,2027-04-06,Male,Married,Indian,1987-08-10,7570 Miller Terrace Apt. 046,Apt. 872,Port John,Missouri,02154,British Virgin Islands,001-367-303-7183x76452,+1-088-147-4350x3136,024-916-3009x79251,ericdavis@morgan.com,kellyeric@hotmail.com
Lacey,David,Hall,EMP10074,ID-197923,DL41523529,2028-09-17,Female,Single,American,1987-12-22,306 Ramsey Glen Apt. 778,,Amyfort,Illinois,74779,Colombia,+1-557-498-2182,448.570.8620x959,518.638.7829,marcus51@mills.com,gregoryjohnson@gmail.com
Todd,,Garcia,EMP10075,ID-598216,DL92043803,2028-10-07,Male,Married,Australian,1990-10-13,994 Michael Rest Apt. 037,Apt. 705,Shortton,South Carolina,35341,Malta,1413811386,383.928.8619,(761)228-6852x897,rachel85@gutierrez-schultz.com,annalewis@hotmail.com
Sara,Jonathan,Nixon,EMP10076,ID-853240,DL61536717,2028-03-29,Female,Married,American,1991-05-12,049 Zachary Hollow,,West Traceyborough,Massachusetts,03345,Sierra Leone,001-488-899-2107x522,593-344-1969x315,279.194.0961x0556,hconrad@adkins.com,hbrown@gmail.com
Luis,Annette,Murphy,EMP10077,ID-887443,DL24305904,2029-04-21,Female,Single,American,1979-05-13,67998 Jeffrey Highway,Suite 225,South Ashleyton,Oklahoma,52823,Estonia,686-227-8376,+1-938-983-3146x5911,+1-665-535-5904x25979,scottglass@gonzalez.com,rodriguezbrian@hotmail.com
Sara,Misty,Wilkins,EMP10078,ID-587115,DL16740197,2026-05-25,Male,Single,Australian,1987-09-13,7705 Jody Forest,,New Alexandra,Kentucky,72433,Liberia,+1-206-980-4204x394,7016451046,681.579.8123,tcastro@williams.com,tracy20@yahoo.com
Gabrielle,,Kelly,EMP10079,ID-656932,DL85017682,2027-08-16,Female,Married,Indian,1980-05-30,46084 Edward Lock Apt. 168,Apt. 639,South Tara,Rhode Island,43661,Kiribati,+1-232-983-2482,(292)518-8125x20566,742-312-2099x4999,caitlynhall@howard.info,waynejacobs@hotmail.com
Debra,Jack,Hughes,EMP10080,ID-547470,DL83534128,2028-05-09,Female,Single,Egyptian,1973-09-11,30604 Walker Skyway,Apt. 312,Camachofort,Vermont,43085,Tonga,366.096.5699x988,+1-081-770-3886x0868,001-034-764-4726x49082,cgallegos@sharp.com,phillipmorris@gmail.com
Harold,,Garza,EMP10081,ID-888295,DL43183955,2029-05-15,Female,Divorced,Australian,1978-01-30,45211 Jasmin Roads Suite 186,Apt. 686,Port Georgemouth,Oregon,86946,Tokelau,(222)064-4742,230-940-7778,9733977671,sanchezamy@fuller.com,brianbailey@gmail.com
Melissa,,Estrada,EMP10082,ID-181247,DL48349783,2029-11-25,Male,Married,Canadian,1984-08-24,01622 Carr Square Apt. 795,,North Kaylamouth,Mississippi,50169,Svalbard & Jan Mayen Islands,681-472-1458,(833)901-9817x94695,899-529-9787x729,jeanettekrause@wilson.com,laurenduarte@yahoo.com
Brandon,Michael,Shaffer,EMP10083,ID-245095,DL30244148,2027-03-29,Male,Married,Egyptian,1965-02-08,441 Evans Plaza,,Katieville,Utah,44185,Guam,(990)235-5770x2727,+1-576-084-9588,3955124056,ashleyprice@wilson.com,nelsonchristopher@gmail.com
Nathan,,Gallegos,EMP10084,ID-535020,DL64707061,2027-08-17,Female,Divorced,Australian,1979-01-18,15031 Hunter Union Suite 823,,Sandrahaven,Maryland,43405,Cambodia,001-182-307-6810x40915,018.409.4353x344,+1-571-422-4109,clarkmichael@nelson-harding.com,georgecollins@yahoo.com
Amber,,Williams,EMP10085,ID-540552,DL62274692,2026-06-18,Male,Divorced,Australian,1996-05-16,60166 Janet Ramp,,Jensenport,Michigan,26472,Rwanda,001-817-921-7174x77332,+1-456-255-7701x715,724.599.2816x1581,amanda69@allen-sanchez.com,vreyes@gmail.com
Lisa,Brittany,Mueller,EMP10086,ID-413118,DL62343121,2028-03-10,Female,Divorced,Egyptian,2002-12-09,321 Wilson Ranch Suite 581,Suite 246,New Danielfurt,Massachusetts,65289,Oman,+1-013-290-2278x46997,354.946.5190,+1-862-405-8008x514,youngjacqueline@garrett-joseph.biz,ngraham@hotmail.com
Glenn,Don,Peters,EMP10087,ID-331251,DL75529051,2029-12-04,Male,Married,Australian,1988-11-09,42201 Douglas Oval Suite 212,,Daltonchester,South Carolina,24067,Korea,687.653.2690x97384,(895)009-7519x71284,818.913.7189x490,amanda07@hunt-harrison.com,zgomez@yahoo.com
Keith,,Johnson,EMP10088,ID-801364,DL64266464,2030-04-06,Male,Married,American,2005-01-03,940 Lane Ports Apt. 490,Suite 712,Port Kristenview,Florida,81214,Fiji,401-929-2752x437,(805)129-2766,723.950.4102,tross@reese-goodwin.net,noahthornton@yahoo.com
Jose,Alyssa,Graham,EMP10089,ID-513160,DL89442503,2027-07-26,Male,Single,Egyptian,1994-11-18,580 Samantha Route Suite 694,,Josephville,Kentucky,86267,Mozambique,(739)385-2580x0106,817-534-4300,+1-109-391-1192x692,dominguezjon@guerrero-jones.info,kayla54@gmail.com
Kimberly,Joshua,Brown,EMP10090,ID-290556,DL16749089,2027-12-28,Female,Married,Canadian,1986-12-23,4271 Krause Flats,,Whitefort,Connecticut,19358,Mauritania,001-639-174-1011x94707,(006)425-6908,001-776-618-3067x198,mathew46@chen.com,amanda51@yahoo.com
Kathleen,,Roberts,EMP10091,ID-898207,DL60885459,2027-03-15,Female,Married,Canadian,1976-05-10,3461 Tucker Roads,Suite 320,North Jennifer,Pennsylvania,31759,Liechtenstein,(184)787-0050x5061,878.293.1027,+1-079-032-0204x1792,meyersdaniel@larson-gilbert.com,ronaldcain@hotmail.com
Erika,,Nguyen,EMP10092,ID-885408,DL82399599,2029-03-31,Male,Married,American,2003-07-14,3092 Brown Harbor,Apt. 625,South John,Pennsylvania,05835,Burkina Faso,962-071-0021,001-946-723-2487x632,+1-092-791-4560x833,downstiffany@cox.com,qtownsend@gmail.com
Joshua,James,Hogan,EMP10093,ID-783414,DL15403355,2029-04-02,Male,Single,American,1996-08-15,20054 Ryan Isle Suite 010,Apt. 207,North Pattymouth,Pennsylvania,76491,Greece,(353)153-1363x63179,062.397.2652x7354,520.904.2177,vjackson@tanner.com,belindatran@gmail.com
Christopher,Melody,Burns,EMP10094,ID-350132,DL26941092,2027-04-05,Female,Divorced,English,2004-08-05,4063 Mark Prairie Apt. 929,Apt. 600,Quinnhaven,Arizona,56298,Malta,(717)731-8063x2543,+1-107-427-9907x7262,(701)658-0464x989,kristinmiller@fitzgerald-brown.com,rodriguezmichael@hotmail.com
Blake,,Richardson,EMP10095,ID-833442,DL44392446,2029-02-03,Female,Single,Indian,2002-05-13,325 Amber Run,Suite 933,Michaelview,North Carolina,89659,Jamaica,015-577-8817x884,951.371.1624x112,127-238-0468x275,pwallace@carter.com,marystone@yahoo.com
Robert,Matthew,Lucas,EMP10096,ID-220096,DL31980274,2027-09-22,Female,Single,Indian,1997-06-03,4924 Kristina Forks Suite 540,,West Justin,Hawaii,81586,Uzbekistan,(842)222-3105,001-274-523-8055,(578)284-1067,staciereilly@smith.net,deborah47@yahoo.com
Tara,,Webster,EMP10097,ID-810250,DL60372847,2028-10-11,Female,Divorced,American,1974-05-07,1702 Kyle Locks Apt. 751,,Brianborough,Pennsylvania,69501,Cyprus,001-430-187-1863x75998,5626565045,(478)137-6742x662,thomaskevin@hatfield.biz,smithdanielle@yahoo.com
Robert,Angela,Page,EMP10098,ID-757711,DL42594692,2029-07-20,Male,Divorced,Canadian,1973-08-28,64870 Davenport Hollow,Suite 873,Port Aaronview,Maryland,84459,Syrian Arab Republic,+1-714-627-3014x7195,001-796-471-5890,290-257-2520x456,brandon48@mayer.com,georgegary@yahoo.com
Monique,Margaret,Cohen,EMP10099,ID-226935,DL85958181,2027-08-14,Male,Married,Indian,1982-10-24,89520 April Landing Suite 652,,East Ericbury,Illinois,73725,New Zealand,001-888-167-1120x754,001-527-985-2401x322,001-342-321-6110x760,danielmcguire@watkins.com,turneralex@gmail.com
Kimberly,,Mora,EMP10100,ID-630538,DL96911784,2027-03-19,Female,Single,Australian,2004-04-28,50124 Bell Walk,Apt. 891,Port Belindatown,North Dakota,28943,Saint Barthelemy,428.013.8759,(712)566-3836,517-182-7548,millertristan@campbell-burke.com,aperez@yahoo.com
Traci,,Patterson,EMP10101,ID-479781,DL95306788,2029-12-24,Female,Divorced,American,1969-01-28,520 Powers Locks Suite 811,,South Richard,Pennsylvania,13833,Saint Vincent and the Grenadines,(153)539-6136,001-749-946-5796x7842,001-711-477-3201x01702,ujacobs@turner.com,guerreroapril@yahoo.com
TestFirst1,,TestLast1,EMP_TEST_01,ID_TEST_01,DL_TEST_01,2028-01-09,Male,Single,TestNationality,1997-04-07,123 Test St,,Test City,Test State,12345,TestCountry,000-000-0000,000-000-0001,000-000-0002,testfirst1.testlast1@testmail.com,testfirst1@altmail.com
TestFirst2,,TestLast2,EMP_TEST_02,ID_TEST_02,DL_TEST_02,2026-10-07,Female,Single,TestNationality,1994-05-02,123 Test St,,Test City,Test State,12345,TestCountry,000-000-0000,000-000-0001,000-000-0002,testfirst2.testlast2@testmail.com,testfirst2@altmail.com
TestFirst3,,TestLast3,EMP_TEST_03,ID_TEST_03,DL_TEST_03,2027-09-30,Male,Single,TestNationality,1997-10-22,123 Test St,,Test City,Test State,12345,TestCountry,000-000-0000,000-000-0001,000-000-0002,testfirst3.testlast3@testmail.com,testfirst3@altmail.com
TestFirst4,,TestLast4,EMP_TEST_04,ID_TEST_04,DL_TEST_04,2027-05-19,Female,Single,TestNationality,1997-12-04,123 Test St,,Test City,Test State,12345,TestCountry,000-000-0000,000-000-0001,000-000-0002,testfirst4.testlast4@testmail.com,testfirst4@altmail.com
TestFirst5,,TestLast5,EMP_TEST_05,ID_TEST_05,DL_TEST_05,2026-11-23,Male,Single,TestNationality,1998-07-26,123 Test St,,Test City,Test State,12345,TestCountry,000-000-0000,000-000-0001,000-000-0002,testfirst5.testlast5@testmail.com,testfirst5@altmail.com
TestFirst6,,TestLast6,EMP_TEST_06,ID_TEST_06,DL_TEST_06,2027-01-25,Female,Single,TestNationality,1998-07-14,123 Test St,,Test City,Test State,12345,TestCountry,000-000-0000,000-000-0001,000-000-0002,testfirst6.testlast6@testmail.com,testfirst6@altmail.com
TestFirst7,,TestLast7,EMP_TEST_07,ID_TEST_07,DL_TEST_07,2027-07-02,Male,Single,TestNationality,1989-08-21,123 Test St,,Test City,Test State,12345,TestCountry,000-000-0000,000-000-0001,000-000-0002,testfirst7.testlast7@testmail.com,testfirst7@altmail.com
TestFirst8,,TestLast8,EMP_TEST_08,ID_TEST_08,DL_TEST_08,2027-12-18,Female,Single,TestNationality,1989-11-16,123 Test St,,Test City,Test State,12345,TestCountry,000-000-0000,000-000-0001,000-000-0002,testfirst8.testlast8@testmail.com,testfirst8@altmail.com
TestFirst9,,TestLast9,EMP_TEST_09,ID_TEST_09,DL_TEST_09,2027-04-03,Male,Single,TestNationality,1991-05-14,123 Test St,,Test City,Test State,12345,TestCountry,000-000-0000,000-000-0001,000-000-0002,testfirst9.testlast9@testmail.com,testfirst9@altmail.com
TestFirst10,,TestLast10,EMP_TEST_10,ID_TEST_10,DL_TEST_10,2027-02-25,Female,Single,TestNationality,1996-12-29,123 Test St,,Test City,Test State,12345,TestCountry,000-000-0000,000-000-0001,000-000-0002,testfirst10.testlast10@testmail.com,testfirst10@altmail.com
